{"inputUnits":[34],"outputUnits":3,"inputs":{"0":{"dtype":"number","min":186.7631854973806,"max":350.8131274842379},"1":{"dtype":"number","min":183.39712577953674,"max":308.36199606138825},"2":{"dtype":"number","min":197.65938370316115,"max":369.0669009560033},"3":{"dtype":"number","min":169.63783784684148,"max":291.8283765171936},"4":{"dtype":"number","min":175.8618458530359,"max":345.72884542900215},"5":{"dtype":"number","min":170.77040941859312,"max":292.3108255189297},"6":{"dtype":"number","min":232.6813511541712,"max":386.2414758990847},"7":{"dtype":"number","min":180.6920517443681,"max":292.82244706479196},"8":{"dtype":"number","min":172.31240434256213,"max":333.9651316741289},"9":{"dtype":"number","min":178.56631265978598,"max":293.39735005101727},"10":{"dtype":"number","min":282.5058331405907,"max":381.40880592152854},"11":{"dtype":"number","min":237.3237975717288,"max":335.7446946409943},"12":{"dtype":"number","min":179.9779494510524,"max":293.8834278485928},"13":{"dtype":"number","min":242.76538276300556,"max":331.47880509582876},"14":{"dtype":"number","min":271.200473480522,"max":429.2319992690058},"15":{"dtype":"number","min":184.18314615885413,"max":404.4357817354258},"16":{"dtype":"number","min":104.63697377701251,"max":256.3963317871094},"17":{"dtype":"number","min":181.85085958439936,"max":385.2186997917428},"18":{"dtype":"number","min":230.53669533534355,"max":513.2756842600207},"19":{"dtype":"number","min":84.62056596841495,"max":488.890809176261},"20":{"dtype":"number","min":65.34234178926047,"max":324.45922375654845},"21":{"dtype":"number","min":83.64304570426717,"max":444.8098100509792},"22":{"dtype":"number","min":260.6515009175499,"max":387.93207536663925},"23":{"dtype":"number","min":415.2308259186921,"max":480.84288613838055},"24":{"dtype":"number","min":189.16184215285392,"max":299.82687312492385},"25":{"dtype":"number","min":416.0883353606999,"max":484.27113791422994},"26":{"dtype":"number","min":257.0979117231759,"max":374.8485929552342},"27":{"dtype":"number","min":511.6507909823114,"max":562.2168513069375},"28":{"dtype":"number","min":159.74825247454132,"max":305.2119264360989},"29":{"dtype":"number","min":511.9491362989994,"max":561.0881739982619},"30":{"dtype":"number","min":254.13903606332997,"max":373.92347190812313},"31":{"dtype":"number","min":554.6099359761437,"max":566.2259999771564},"32":{"dtype":"number","min":159.8055624450624,"max":319.31501077164916},"33":{"dtype":"number","min":555.3994102552388,"max":562.6611925983987}},"outputs":{"0":{"dtype":"number","min":52,"max":255},"1":{"dtype":"number","min":0,"max":234},"2":{"dtype":"number","min":0,"max":167}},"isNormalized":true}