{"inputUnits":[34],"outputUnits":4,"inputs":{"0":{"dtype":"number","min":219.61067214579145,"max":365.5279582657544},"1":{"dtype":"number","min":159.0016323781153,"max":259.311564633256},"2":{"dtype":"number","min":225.26075932017542,"max":378.84711022033093},"3":{"dtype":"number","min":145.80992224620795,"max":243.67127595124418},"4":{"dtype":"number","min":209.93956270273665,"max":359.479989466379},"5":{"dtype":"number","min":146.20777092946668,"max":243.34556237531217},"6":{"dtype":"number","min":250.78995970489916,"max":389.6337307638127},"7":{"dtype":"number","min":152.73316143548976,"max":247.73048921402898},"8":{"dtype":"number","min":208.0902623107791,"max":338.3148188897741},"9":{"dtype":"number","min":151.41131306252282,"max":249.98633193226118},"10":{"dtype":"number","min":296.02181596365585,"max":383.71879146345407},"11":{"dtype":"number","min":203.39415224904434,"max":304.39876325878714},"12":{"dtype":"number","min":219.16412294027168,"max":304.1485030562789},"13":{"dtype":"number","min":190.26645236545136,"max":304.4093563682154},"14":{"dtype":"number","min":276.4602482667443,"max":454.34573138201677},"15":{"dtype":"number","min":152.5992053294042,"max":335.89954844692295},"16":{"dtype":"number","min":150.67895602994028,"max":278.3199752004523},"17":{"dtype":"number","min":159.65914542214912,"max":328.7177037170291},"18":{"dtype":"number","min":236.99180231224491,"max":556.8070368181195},"19":{"dtype":"number","min":52.89732577972708,"max":388.97053560550677},"20":{"dtype":"number","min":64.26134373477095,"max":273.3035694739507},"21":{"dtype":"number","min":58.94228810687744,"max":388.187465853626},"22":{"dtype":"number","min":306.81489167390043,"max":369.034894381815},"23":{"dtype":"number","min":367.9520527800621,"max":442.89943999946695},"24":{"dtype":"number","min":220.85637752540393,"max":289.2282532809073},"25":{"dtype":"number","min":361.2797251918859,"max":482.2745348835549},"26":{"dtype":"number","min":286.7894710667184,"max":401.63512886151466},"27":{"dtype":"number","min":459.1092246131823,"max":542.6654704132972},"28":{"dtype":"number","min":198.52112478215327,"max":284.73191289176714},"29":{"dtype":"number","min":491.38551946271923,"max":558.9217591796934},"30":{"dtype":"number","min":275.4213481107418,"max":399.7389637238798},"31":{"dtype":"number","min":541.2517758791441,"max":563.995557640031},"32":{"dtype":"number","min":193.55338470280518,"max":296.82390744690775},"33":{"dtype":"number","min":557.2049197072406,"max":565.5472170586241}},"outputs":{"0":{"dtype":"string","min":0,"max":1,"uniqueValues":["y","m","c","a"],"legend":{"y":[1,0,0,0],"m":[0,1,0,0],"c":[0,0,1,0],"a":[0,0,0,1]}}},"isNormalized":true}